{
  "height": 279.27272727272725,
  "width": 630.025974025974,
  "x": 9.9740259740259738,
  "y": 0,
  "z": 0
}