{
  "height": 279.27272727272725,
  "tabOrder": 1,
  "width": 630.025974025974,
  "x": 280.93506493506493,
  "y": 184.51948051948051,
  "z": 1
}